URL,Working[Yes/No]
m.soulapp.cn,No
w3.soulapp-inc.cn,No
data-collector.soulapp.cn,No
w3.soulapp.cn,No
id6.me,No
pet.soulapp.cn,No
spy.soulapp.cn,No
data-collector-android.soulapp.cn,No
app.soulapp.cn,No
datacollector-sea.soulapp.cn,No
img.soulapp.cn,No
china-img.soulapp.cn,No
chinasocial-1350.firebaseio.com,No
8balwalz1i.execute-api.us-east-2.amazonaws.com,No
gum.criteo.com,No
date-in-asian.firebaseio.com,No
dwxjayoxbnyrr.cloudfront.net,No
finaltest.wedatenow.com,No
androidapi.wedatenow.com,No
www.wedatenow.com,No
api.line.me,No
wedate-219806.firebaseio.com,No
access.line.me,No
www.singoldating.com,No
singoldating-20180514c.firebaseio.com,No
www.adoreapp.com,No
auth.qupai.me,No
open-api.dongtu.com,No
m.adoreapp.com,No
y.gtimg.cn,No
log.qupai.me,No
adore-dating-1547102008899.firebaseio.com,No
dating-1292.firebaseio.com,No
api-project-1059864114496.firebaseio.com,No
guysonlydating.firebaseio.com,No
tubit-d6079.firebaseio.com,No
static.wework.cn,No
www.wework.cn,No
weworkchina-debug.firebaseio.com,No
oktv-b39bb.firebaseio.com,No
rela-698eb.firebaseio.com,No
logs.everonet.com,No
api.everonet.com,No
adash.man.aliyuncs.com,No
www.everonet.com,No
www.alipay.com,No
zizhanghao.taobao.com,No
jdy.tmall.com,No
help.aliyun.com,No
mclient.alipay.com,No
alisupplier.firebaseio.com,No
www.taobao.com,No
download.alicdn.com,No
market.m.taobao.com,No
h5.m.taobao.com,No
terms.aliyun.com,No
terms.alicdn.com,No
reader.taobao.com,No
login.m.taobao.com,No
wangxin.taobao.com,No
wap.sc.10086.cn,No
rj.m.taobao.com,No
pingjia.i56.m.taobao.com,No
a.m.taobao.com,No
u.m.taobao.com,No
tm.m.taobao.com,No
d.m.taobao.com,No
my.m.taobao.com,No
item.taobao.com,No
api.m.taobao.com,No
ax.m.taobao.com,No
delivery.taobao.com,No
mali.alipay.com,No
act.ju.taobao.com,No
rule.alibaba.com,No
sale.aliexpress.com,No
survey-buyer.aliexpress.com,No
sell.aliexpress.com,No
aliexpress-eabcc.firebaseio.com,No
ae01.alicdn.com,No
www.aliexpress.com,No
img.alicdn.com,No
act-dev.huolala.cn,No
www.huolala.cn,No
www.lalamove.com,No
lalamoveglobal.firebaseio.com,No
alogus.umeng.com,No
pi.share.mob.com,No
api.weixin.qq.com,No
onfig.cmpassport.com,No
collect.ux.21cn.com,No
cmnsguider.yunos.com,No
client.map.baidu.com,No
bbs.lbsyun.baidu.com,No
app.navi.baidu.com,No
flash.253.com,No
e.189.cn,No
developer.umeng.com,No
daup.map.baidu.com,No
daohang.map.baidu.com,No
m.alipay.com,No
log1.cmpassport.com,No
l.mob.com,No
j.map.baidu.com,No
itsdata.map.baidu.com,No
oss.aliyuncs.com,No
oss-cn-hangzhou.aliyuncs.com,No
opencloud.wostore.cn,No
onekey1.cmpassport.com,No
ms.zzx9.cn,No
ulflash.253.com,No
smsks1.cmpassport.com,No
plbslog.umeng.com,No
ouplog.umeng.com,No
www.baidu.com,No
wapmap.baidu.com,No
up.sharesdk.cn,No
map.baidu.com,No
mobilegw.alipay.com,No
mcgw.alipay.com,No
mobilegw.alipaydev.com,No
dapi-dev.huolala.cn,No
app.hitv.com,No
app.mgtv.com,No
www.mgtv.com,No
mgtvott.etvqm.com,No
support.api.hunantv.com,No
log.event.hunantv.com,No
mglive.api.max.mgtv.com,No
inottabd3.api.mgtv.com,No
ott.v0.data.mgtv.com,No
inottabd2.api.mgtv.com,No
v2.log.hunantv.com,No
ott.v1.data.mgtv.com,No
aphone-v0-al.data.mgtv.com,No
v1.play.log.hunantv.com,No
guid.hunantv.com,No
audit.aaa.mgtv.com,No
v2.res.log.hunantv.com,No
lark.alipay.com,No
ott-v0-al.data.mgtv.com,No
log.v2.hunantv.com,No
mgcash.api.max.mgtv.com,No
disp.titan.mgtv.com,No
inottabd.api.mgtv.com,No
log.person.mgtv.com,No
as.mgtv.com,No
act.mgtv.com,No
wetv-tv.firebaseio.com,No
i18npro-7a10e.firebaseio.com,No
m.wetv.vip,No
market.wapa.taobao.com,No
a.vmall.com,No
ihelp.taobao.com,No
x.damai.cn,No
render.alipay.com,No
gw.alicdn.com,No
m.taobao.com,No
m.dingtalk.com,No
oa.dingtalk.com,No
www.dingtalk.com,No
h5.dingtalk.com,No
dingtalk-f9cd0.firebaseio.com,No
tms.dingtalk.com,No
open.weixin.qq.com,No
long.open.weixin.qq.com,No
nstool.netease.com,No
udt-sigma.proxima.nie.netease.com,No
unisdk.proxima.nie.netease.com,No
applogsg.matrix.netease.com,No
applog.matrix.netease.com,No
sigma-statistics-push.proxima.nie.netease.com,No
sigma-echoes.proxima.nie.netease.com,No
stg.gateway.dmm.com,No
sbx-osapi.dmm.com,No
whoami.nie.netease.com,No
netlink-sigma.proxima.nie.netease.com,No
identity-v-38684205.firebaseio.com,No
unisdk.update.netease.com,No
impression.update.netease.com,No
mbdl.update.netease.com,No
bidata.lilithgame.com,No
bidatatest.lilithgame.com,No
account.happyelements.cn,No
account-master-tp.happyelements.cn,No
logdc.happyelements.cn,No
etlog.happyelements.cn,No
etlog.he-games.com,No
pay2.he-games.com,No
twdclog.he-games.com,No
accountus.happyelements.com,No
gts.happyelements.net,No
pg.xdrig.com,No
u.talkingdata.net,No
alog.umengcloud.com,No
drm.media.baidubce.com,No
as2he.99.com,No
hwapi.sdk.99.com,No
www.talkingdata.net,No
mta.qq.com,No
hwapi-sta.99.com,No
xdrig.com,No
app100698537.imgcache.qzoneapp.com,No
api-sta.99.com,No
alog.umeng.com,No
id1.cn.com,No
cybertran.baidu.com,No
log.umsns.com,No
hw.uni-sdk.99.com,No
tb.cos.99.com,No
hefx.99.com,No
pingma.qq.com,No
adxapi.yomob.com.cn,No
da.happyelements.com,No
qa.m.happyelements.net,No
log.dc.cn.happyelements.com,No
rqd.uu.qq.com,No
en.happyelements.com,No
fansclub.happyelements.com,No
m.cn.happyelements.com,No
androidcn.fortuna.happyelements.cn,No
android.bugly.qq.com,No
www.minigps.net,No
loc.map.baidu.com,No
jira.us.happyelements.com,No
tfc.happyelements.com,No
a1.fortuna.happyelements.com,No
etlog.happyelements.net,No
fishbowl-fe775.firebaseio.com,No
log.dc.happyelements.net,No
androidfb.fortuna.happyelements.com,No
payment.he-games.com,No
tw.dclog.he-games.com,No
jelly-blast-40761864.firebaseio.com,No
munchkin-match-android.firebaseio.com,No
haha.99.com,No
account.99.com,No
m.kwai.com,No
kwai-video.firebaseio.com,No
www.kwai.com,No
kw.ai,No
cc.co,No
api.map.baidu.com,No
s.intsig.net,No
www.intsig.com,No
www.camcard.com,No
a-pre.intsig.net,No
a.intsig.net,No
analy.qq.com,No
appsupport.qq.com,No
bcrs-pre.intsig.net,No
bcrs-sandbox.intsig.net,No
bcrs1-pre.intsig.net,No
bcrs1-sandbox.intsig.net,No
bcrs1.intsig.net,No
bcrs2-sandbox.intsig.net,No
bcrs3-sandbox.intsig.net,No
bug-report.intsig.net,No
c.isdspeed.qq.com,No
d.camcard.com,No
d2100.intsig.net,No
d2149.intsig.net,No
download.intsig.net,No
imrest1-sandbox.intsig.net,No
imrest1.intsig.net,No
info.camcard.com,No
info12013.camcard.com,No
log.intsig.net,No
m.camcard.com,No
m12013.camcard.com,No
msg1intsig.net,No
msg2.intsig.net,No
msg3.intsig.net,No
oauth.camcard.com,No
openmobile.qq.com,No
qi.camcard.com,No
shop.intsig.net,No
srh-pre.intsig.net,No
srh-sandbox.intsig.net,No
srh.intsig.net,No
weibo.com,No
wspeed.qq.com,No
www.weibo.com,No
zmcustprod.zmxy.com.cn,No
api.weibo.com,No
cgi.connect.qq.com,No
fusion.qq.com,No
a-sandbox.intsig.net,No
api-common.intsig.net,No
api-sandbox.intsig.net,No
auth.intsig.net,No
b.camcard.com,No
b12013.camcard.com,No
bcr1.intsig.net,No
bcrs.intsig.net,No
bcrs2.intsig.net,No
bcrs3.intsig.net,No
camcardea.firebaseio.com,No
d41.intsig.net,No
static.intsig.net,No
store.intsig.net,No
w12013.camcard.com,No
www.camscanner.comNo
